cx,cy,cz,A1,A2,a,b,theta,R3,R4,E,E_i01,E_i02,E_ip1,E_ip2,E_ip3,E_ip4,E_it1,E_it2,E_it3,E_it4,machine_type,status,file_name
1.5,-0.9,13.2,0,-2,7.4,5.8,25.5,2.1,1.9,-5.465231829031836,-1.111160822561942,-1.7302571684122086,-0.0960253453813493,-0.3663415929768234,-0.0488428683020174,-0.2988604228012264,-0.0820663853082805,-0.1540668826783076,-1.951945156091824,-1.4514092947356405,2,Done,tetracene_a=7.4_b=5.8_theta=25.5_R3=2.1_R4=1.9_A1=0_A2=-2_cx=1.5_cy=-0.9_cz=13.2.log
0.6,0.9,13.6,0,-2,7.4,5.8,25.5,2.1,1.9,-5.056974450591952,-1.2796121168648824,-0.523379735648632,-0.0360466844867914,-1.4114607529481873,-0.0254380004480481,-1.0327785484259948,-0.059917164791841,-0.2778112272499129,-2.2023103510728106,-0.3625777880661189,1,Done,tetracene_a=7.4_b=5.8_theta=25.5_R3=2.1_R4=1.9_A1=0_A2=-2_cx=0.6_cy=0.9_cz=13.6.log
1.4,-1.0,13.1,0,-2,7.4,5.8,25.5,2.1,1.9,-5.290871900157072,-0.4395594599191099,-1.8044677559519189,-0.1060153043363243,-0.3682881291024387,-0.0591365423751995,-0.2983797499909997,-0.0902999439858831,-0.1637819925672374,-1.966246736468748,-1.5326197562972084,1,Done,tetracene_a=7.4_b=5.8_theta=25.5_R3=2.1_R4=1.9_A1=0_A2=-2_cx=1.4_cy=-1.0_cz=13.1.log
0.5,0.8,13.5,0,-2,7.4,5.8,25.5,2.1,1.9,-4.8110068459645845,-1.14071528846398,0.0911495925392955,-0.0386546159861609,-1.5266527637140823,-0.0297226386610418,-1.0374635379994288,-0.066130768856965,-0.3054078621207736,-2.2063421028433368,-0.3920964860008098,1,Done,tetracene_a=7.4_b=5.8_theta=25.5_R3=2.1_R4=1.9_A1=0_A2=-2_cx=0.5_cy=0.8_cz=13.5.log
1.4,-1.0,13.2,0,-2,7.4,5.8,25.5,2.1,1.9,-5.356529526703525,-0.8659587799338624,-1.735870872857049,-0.0989796625217422,-0.3452509819762781,-0.0531915125902742,-0.2868210157612338,-0.0854994925903156,-0.1564225552137941,-1.970919803483412,-1.450651262595784,2,Done,tetracene_a=7.4_b=5.8_theta=25.5_R3=2.1_R4=1.9_A1=0_A2=-2_cx=1.4_cy=-1.0_cz=13.2.log
0.5,0.8,13.6,0,-2,7.4,5.8,25.5,2.1,1.9,-4.882402423594613,-1.1917218113085255,-0.3401079099858179,-0.0364131502574309,-1.449218029738404,-0.0275288636330515,-0.9786269454052672,-0.0623374709975905,-0.2862449616659432,-2.157460328831803,-0.3645513069350272,1,Done,tetracene_a=7.4_b=5.8_theta=25.5_R3=2.1_R4=1.9_A1=0_A2=-2_cx=0.5_cy=0.8_cz=13.6.log
1.4,-1.0,13.3,0,-2,7.4,5.8,25.5,2.1,1.9,-5.28436148428591,-1.1123016356723383,-1.6419727865140883,-0.0924272029660642,-0.3236897382885217,-0.0477949266787618,-0.2755747814662754,-0.0809588301344774,-0.1493222795543261,-1.948496361321304,-1.358703477482777,2,Done,tetracene_a=7.4_b=5.8_theta=25.5_R3=2.1_R4=1.9_A1=0_A2=-2_cx=1.4_cy=-1.0_cz=13.3.log
1.4,-0.9,13.1,0,-2,7.4,5.8,25.5,2.1,1.9,-5.303033358155517,-0.4525238163769245,-1.758696549164597,-0.1023330758325755,-0.4058195020770654,-0.0563428679015487,-0.3164558029966429,-0.0893160083214752,-0.1681902504060417,-1.9850902344915085,-1.5143510577618144,2,Done,tetracene_a=7.4_b=5.8_theta=25.5_R3=2.1_R4=1.9_A1=0_A2=-2_cx=1.4_cy=-0.9_cz=13.1.log
0.5,0.8,13.7,0,-2,7.4,5.8,25.5,2.1,1.9,-4.828233877429739,-1.1815034383907914,-0.6011081442702562,-0.034300951519981,-1.3709750628331676,-0.0255007513333112,-0.92192639678251,-0.0587656839634291,-0.2681858512805775,-2.094873108784668,-0.3387518608360551,1,Done,tetracene_a=7.4_b=5.8_theta=25.5_R3=2.1_R4=1.9_A1=0_A2=-2_cx=0.5_cy=0.8_cz=13.7.log
1.4,-0.9,13.2,0,-2,7.4,5.8,25.5,2.1,1.9,-5.390111979388166,-0.8699120929231867,-1.7162674604915082,-0.095645074150525,-0.3798418432706967,-0.0506915128789842,-0.3041264865314588,-0.0845883480506017,-0.1606130670406855,-2.010526352270972,-1.426141976902727,2,Done,tetracene_a=7.4_b=5.8_theta=25.5_R3=2.1_R4=1.9_A1=0_A2=-2_cx=1.4_cy=-0.9_cz=13.2.log
0.5,0.9,13.5,0,-2,7.4,5.8,25.5,2.1,1.9,-4.943032439739909,-1.2293673910899088,-0.0308985924348235,-0.0373481401475146,-1.5163113989401609,-0.0286797169828787,-1.1225476190447807,-0.0645839567296207,-0.3111740514286794,-2.210401465010364,-0.3742965372512117,1,Done,tetracene_a=7.4_b=5.8_theta=25.5_R3=2.1_R4=1.9_A1=0_A2=-2_cx=0.5_cy=0.9_cz=13.5.log
0.5,0.9,13.6,0,-2,7.4,5.8,25.5,2.1,1.9,-4.993114012759179,-1.2467092574806884,-0.4201192001346499,-0.0352171161212027,-1.4499396663159132,-0.0265976388473063,-1.059258215362206,-0.0609017279348336,-0.2915787966339849,-2.173476266558282,-0.3482366745010949,1,Done,tetracene_a=7.4_b=5.8_theta=25.5_R3=2.1_R4=1.9_A1=0_A2=-2_cx=0.5_cy=0.9_cz=13.6.log
1.4,-0.9,13.3,0,-2,7.4,5.8,25.5,2.1,1.9,-5.334499532997143,-1.110732860630378,-1.6400337805971503,-0.089431470260024,-0.3553313026204705,-0.0456162118352949,-0.2921410456765443,-0.0801016514305956,-0.153293790470343,-2.003267316438724,-1.3311934388475493,2,Done,tetracene_a=7.4_b=5.8_theta=25.5_R3=2.1_R4=1.9_A1=0_A2=-2_cx=1.4_cy=-0.9_cz=13.3.log
0.5,0.9,13.7,0,-2,7.4,5.8,25.5,2.1,1.9,-4.923615711508319,-1.2107190490933135,-0.6526963688666001,-0.0331990440608933,-1.3800450924318284,-0.0246661631390452,-0.9978362815454602,-0.057427832565736,-0.2731143148848787,-2.11965975392377,-0.3238328105653636,1,Done,tetracene_a=7.4_b=5.8_theta=25.5_R3=2.1_R4=1.9_A1=0_A2=-2_cx=0.5_cy=0.9_cz=13.7.log
1.4,-0.8,13.1,0,-2,7.4,5.8,25.5,2.1,1.9,-5.262372278550174,-0.4478714573197067,-1.6912649520672858,-0.098765054019168,-0.4471360155148431,-0.0536734402412548,-0.3357078096596524,-0.0882969319936819,-0.1726003905641846,-1.9774063745280728,-1.4868592170532793,2,Done,tetracene_a=7.4_b=5.8_theta=25.5_R3=2.1_R4=1.9_A1=0_A2=-2_cx=1.4_cy=-0.8_cz=13.1.log
0.5,1.0,13.5,0,-2,7.4,5.8,25.5,2.1,1.9,-5.016367650940083,-1.294703732477501,-0.1632831220049411,-0.0360906101996079,-1.4284072881564498,-0.0276794660603627,-1.211576227797195,-0.0630383995594456,-0.3167595178238116,-2.1987329165567644,-0.3569665936520323,1,Done,tetracene_a=7.4_b=5.8_theta=25.5_R3=2.1_R4=1.9_A1=0_A2=-2_cx=0.5_cy=1.0_cz=13.5.log
1.4,-0.8,13.2,0,-2,7.4,5.8,25.5,2.1,1.9,-5.382860473589972,-0.8602170634549111,-1.6799496916355563,-0.0924322229111567,-0.4186006259405985,-0.0483295652084052,-0.3225238247541711,-0.0836320226662792,-0.1648060887819156,-2.028029488574248,-1.3953663766151294,2,Done,tetracene_a=7.4_b=5.8_theta=25.5_R3=2.1_R4=1.9_A1=0_A2=-2_cx=1.4_cy=-0.8_cz=13.2.log
0.5,1.0,13.6,0,-2,7.4,5.8,25.5,2.1,1.9,-5.055318765487755,-1.2833175635314549,-0.5083759715780616,-0.0340587326791137,-1.3850526221795008,-0.0257015546085312,-1.1444778383010998,-0.0594609651598148,-0.2967130835168063,-2.1763000614591874,-0.3323525139130652,1,Done,tetracene_a=7.4_b=5.8_theta=25.5_R3=2.1_R4=1.9_A1=0_A2=-2_cx=0.5_cy=1.0_cz=13.6.log
0.5,1.0,13.7,0,-2,7.4,5.8,25.5,2.1,1.9,-4.979331696988083,-1.226380443549715,-0.7105333380168304,-0.0321285119280219,-1.333532796241343,-0.023866715375334,-1.0788133094320074,-0.0560956289991736,-0.277863938070368,-2.133440500998404,-0.309304071648512,1,Done,tetracene_a=7.4_b=5.8_theta=25.5_R3=2.1_R4=1.9_A1=0_A2=-2_cx=0.5_cy=1.0_cz=13.7.log
1.4,-0.8,13.3,0,-2,7.4,5.8,25.5,2.1,1.9,-5.353735224343836,-1.0991163953440264,-1.6258068737806752,-0.0865235888632014,-0.3912537400610745,-0.043613199959509,-0.3097464661113918,-0.0792030571610666,-0.157277851307299,-2.0395976355066523,-1.2996265483088791,2,Done,tetracene_a=7.4_b=5.8_theta=25.5_R3=2.1_R4=1.9_A1=0_A2=-2_cx=1.4_cy=-0.8_cz=13.3.log
0.6,0.8,13.5,0,-2,7.4,5.8,25.5,2.1,1.9,-4.9264379377127625,-1.2049961579032242,-0.0776154567720368,-0.0395368949975818,-1.4958621031837538,-0.0284613436087965,-1.011500939144753,-0.0649761504610069,-0.290659494465217,-2.232378120184876,-0.4094377247965894,1,Done,tetracene_a=7.4_b=5.8_theta=25.5_R3=2.1_R4=1.9_A1=0_A2=-2_cx=0.6_cy=0.8_cz=13.5.log
1.5,-1.0,13.1,0,-2,7.4,5.8,25.5,2.1,1.9,-5.383536929672118,-0.7742343881400302,-1.824020967585966,-0.1062650533858686,-0.3552660414716229,-0.0570695245405659,-0.2932806038297713,-0.0875050144968554,-0.1570839508785866,-1.899004020029679,-1.5348756547900848,2,Done,tetracene_a=7.4_b=5.8_theta=25.5_R3=2.1_R4=1.9_A1=0_A2=-2_cx=1.5_cy=-1.0_cz=13.1.log
0.6,0.8,13.6,0,-2,7.4,5.8,25.5,2.1,1.9,-4.983755328634288,-1.2314758248394355,-0.4535554429749027,-0.0372690738877281,-1.4202822885708883,-0.0263365947175771,-0.9552383925765752,-0.0613039619056507,-0.2728419754421338,-2.207541901967488,-0.3799886805354617,1,Done,tetracene_a=7.4_b=5.8_theta=25.5_R3=2.1_R4=1.9_A1=0_A2=-2_cx=0.6_cy=0.8_cz=13.6.log
1.5,-1.0,13.2,0,-2,7.4,5.8,25.5,2.1,1.9,-5.443022367428057,-1.0931763858534396,-1.733098533586599,-0.099319772911258,-0.3328764846082777,-0.0513089826563373,-0.282094610389322,-0.0829411342856474,-0.1501468277419917,-1.9426354177994647,-1.4713616025983356,2,Done,tetracene_a=7.4_b=5.8_theta=25.5_R3=2.1_R4=1.9_A1=0_A2=-2_cx=1.5_cy=-1.0_cz=13.2.log
0.6,0.8,13.7,0,-2,7.4,5.8,25.5,2.1,1.9,-4.921855859691277,-1.2047363687306645,-0.6778300269506872,-0.0351317748427391,-1.3431977052241564,-0.0243674683151766,-0.9008985366672276,-0.0578413618495687,-0.2560529452748596,-2.162364319432527,-0.3525162927689962,1,Done,tetracene_a=7.4_b=5.8_theta=25.5_R3=2.1_R4=1.9_A1=0_A2=-2_cx=0.6_cy=0.8_cz=13.7.log
1.5,-1.0,13.3,0,-2,7.4,5.8,25.5,2.1,1.9,-5.366097799385898,-1.261160812806338,-1.6258106388850138,-0.0928664600942283,-0.3119766367599368,-0.0460918645840138,-0.2712462176568806,-0.0786037850775756,-0.1434538061148487,-1.9497256533941247,-1.3897382394061424,2,Done,tetracene_a=7.4_b=5.8_theta=25.5_R3=2.1_R4=1.9_A1=0_A2=-2_cx=1.5_cy=-1.0_cz=13.3.log
0.6,0.9,13.5,0,-2,7.4,5.8,25.5,2.1,1.9,-5.010003758361563,-1.2855119658634069,-0.183559852768667,-0.0382040638942271,-1.4745468434412032,-0.0274573274655267,-1.0935867774533108,-0.0634839317644946,-0.2960422751493752,-2.2087078155600466,-0.3903363204444758,1,Done,tetracene_a=7.4_b=5.8_theta=25.5_R3=2.1_R4=1.9_A1=0_A2=-2_cx=0.6_cy=0.9_cz=13.5.log
0.6,0.9,13.7,0,-2,7.4,5.8,25.5,2.1,1.9,-4.988237632729579,-1.2286193991312755,-0.7227020119316876,-0.0340085319476202,-1.3436796327587217,-0.0235642554471269,-0.9739080702420324,-0.0565461812075227,-0.2606136882677674,-2.1712222506757826,-0.3366145618492737,1,Done,tetracene_a=7.4_b=5.8_theta=25.5_R3=2.1_R4=1.9_A1=0_A2=-2_cx=0.6_cy=0.9_cz=13.7.log
1.5,-0.9,13.1,0,-2,7.4,5.8,25.5,2.1,1.9,-5.384644484787714,-0.8067017557332292,-1.8024659991497167,-0.102607925189659,-0.3915662399958819,-0.0543109904974699,-0.3107755825622007,-0.0865762996836565,-0.1612173591856844,-1.878309367690236,-1.5243272116640585,2,Done,tetracene_a=7.4_b=5.8_theta=25.5_R3=2.1_R4=1.9_A1=0_A2=-2_cx=1.5_cy=-0.9_cz=13.1.log
0.6,1.0,13.5,0,-2,7.4,5.8,25.5,2.1,1.9,-5.027079560299171,-1.344302122713998,-0.2977723202202469,-0.0369201784487813,-1.3710729544982314,-0.0264966097311116,-1.1802484183572233,-0.0619885753840208,-0.3012368030031211,-2.163619339524302,-0.3718285404029302,1,Done,tetracene_a=7.4_b=5.8_theta=25.5_R3=2.1_R4=1.9_A1=0_A2=-2_cx=0.6_cy=1.0_cz=13.5.log
1.5,-0.9,13.3,0,-2,7.4,5.8,25.5,2.1,1.9,-5.405194182123523,-1.270421605440788,-1.6347175157861784,-0.089884532499127,-0.3425300986273214,-0.0439457802567631,-0.2872477225027978,-0.0777867670403793,-0.147167410235852,-1.9814073782763444,-1.3644589990144596,2,Done,tetracene_a=7.4_b=5.8_theta=25.5_R3=2.1_R4=1.9_A1=0_A2=-2_cx=1.5_cy=-0.9_cz=13.3.log
0.6,1.0,13.6,0,-2,7.4,5.8,25.5,2.1,1.9,-5.075015990238171,-1.3107742633437738,-0.6000100017990917,-0.0348619455471634,-1.3333043825114146,-0.0245745466090738,-1.1154404405970126,-0.058527857705485,-0.2826204638113267,-2.178742957941722,-0.345641920575872,1,Done,tetracene_a=7.4_b=5.8_theta=25.5_R3=2.1_R4=1.9_A1=0_A2=-2_cx=0.6_cy=1.0_cz=13.6.log
1.5,-0.8,13.1,0,-2,7.4,5.8,25.5,2.1,1.9,-5.3190470992121845,-0.8204442245187238,-1.763173832790926,-0.0990813189418986,-0.4314545408124104,-0.0516817236784845,-0.3294214147608727,-0.0856042866362258,-0.1653570425696671,-1.81842671596678,-1.5020305262878535,2,Done,tetracene_a=7.4_b=5.8_theta=25.5_R3=2.1_R4=1.9_A1=0_A2=-2_cx=1.5_cy=-0.8_cz=13.1.log
0.6,1.0,13.7,0,-2,7.4,5.8,25.5,2.1,1.9,-5.009301888349,-1.240293595357798,-0.7728413161821663,-0.0329141544643789,-1.2854341545607897,-0.0227974383160471,-1.0522075130138546,-0.0552591581945307,-0.2650407711043954,-2.1646283754962496,-0.3211294976063072,1,Done,tetracene_a=7.4_b=5.8_theta=25.5_R3=2.1_R4=1.9_A1=0_A2=-2_cx=0.6_cy=1.0_cz=13.7.log
0.7,0.8,13.5,0,-2,7.4,5.8,25.5,2.1,1.9,-4.977204751980025,-1.264835511567071,-0.2550991302123293,-0.040373993339017,-1.4618924767710268,-0.0272025584708899,-0.9842318648006768,-0.0638102369848638,-0.2766202132334001,-2.1922588958987035,-0.4276976382825523,1,Done,tetracene_a=7.4_b=5.8_theta=25.5_R3=2.1_R4=1.9_A1=0_A2=-2_cx=0.7_cy=0.8_cz=13.5.log
1.5,-0.8,13.2,0,-2,7.4,5.8,25.5,2.1,1.9,-5.434847166936379,-1.114597067120485,-1.7142544083762914,-0.0928338294615969,-0.4037951548816636,-0.0465261013014242,-0.3166829616529867,-0.0811602608882822,-0.1580013703787699,-1.9281644096481607,-1.4231763646239417,2,Done,tetracene_a=7.4_b=5.8_theta=25.5_R3=2.1_R4=1.9_A1=0_A2=-2_cx=1.5_cy=-0.8_cz=13.2.log
1.5,-0.8,13.3,0,-2,7.4,5.8,25.5,2.1,1.9,-5.4035846189945005,-1.2688854610314593,-1.6342995942104608,-0.0869728859979659,-0.3772602669196203,-0.0419791638851165,-0.3043197595980018,-0.0769327259040437,-0.1508998398203402,-1.985142945253756,-1.3337505421950482,2,Done,tetracene_a=7.4_b=5.8_theta=25.5_R3=2.1_R4=1.9_A1=0_A2=-2_cx=1.5_cy=-0.8_cz=13.3.log
0.7,0.8,13.6,0,-2,7.4,5.8,25.5,2.1,1.9,-5.0333405414712615,-1.2677182923071086,-0.573457543621771,-0.0380873469403013,-1.3886156240478158,-0.025153110967949,-0.9304931635269896,-0.0602516277576796,-0.2600985023891553,-2.205159873818048,-0.3960679968004115,1,Done,tetracene_a=7.4_b=5.8_theta=25.5_R3=2.1_R4=1.9_A1=0_A2=-2_cx=0.7_cy=0.8_cz=13.6.log
1.6,-1.0,13.1,0,-2,7.4,5.8,25.5,2.1,1.9,-5.349330731609371,-1.0540122316451743,-1.8204705158714205,-0.1063729852903634,-0.3419791447231546,-0.0551455786917358,-0.2879505337914452,-0.0847665608744137,-0.1506337753380648,-1.7743573162006214,-1.5066075841896236,2,Done,tetracene_a=7.4_b=5.8_theta=25.5_R3=2.1_R4=1.9_A1=0_A2=-2_cx=1.6_cy=-1.0_cz=13.1.log
0.7,0.8,13.7,0,-2,7.4,5.8,25.5,2.1,1.9,-4.974676513986196,-1.2251053432701156,-0.7591352425515652,-0.0359312226064503,-1.3129893738077951,-0.0232467354508116,-0.8784173635067418,-0.0569007243611849,-0.2445707674487494,-2.18908871524036,-0.3667036663391627,1,Done,tetracene_a=7.4_b=5.8_theta=25.5_R3=2.1_R4=1.9_A1=0_A2=-2_cx=0.7_cy=0.8_cz=13.7.log
1.6,-1.0,13.2,0,-2,7.4,5.8,25.5,2.1,1.9,-5.4339316300465725,-1.277723311795853,-1.7142657034564763,-0.099541911506094,-0.3203049494186416,-0.0495632499223575,-0.2771887371782213,-0.0804204266169108,-0.1441001413040794,-1.8687046996201389,-1.4714124308666214,2,Done,tetracene_a=7.4_b=5.8_theta=25.5_R3=2.1_R4=1.9_A1=0_A2=-2_cx=1.6_cy=-1.0_cz=13.2.log
0.7,0.9,13.5,0,-2,7.4,5.8,25.5,2.1,1.9,-4.998552014410961,-1.3347338503226638,-0.3446736726909876,-0.0390160618117079,-1.431190922507085,-0.0262437232304364,-1.0628438076237217,-0.0623625713633373,-0.2816082900972105,-2.128149336669594,-0.4070807971875183,1,Done,tetracene_a=7.4_b=5.8_theta=25.5_R3=2.1_R4=1.9_A1=0_A2=-2_cx=0.7_cy=0.9_cz=13.5.log
1.6,-1.0,13.3,0,-2,7.4,5.8,25.5,2.1,1.9,-5.375925860716961,-1.3762361067347229,-1.5986557711148637,-0.0931814700597897,-0.3001267377985641,-0.0445155594497919,-0.2667319105239585,-0.0762889006873592,-0.1377999409451149,-1.914411900565028,-1.4077013406786136,2,Done,tetracene_a=7.4_b=5.8_theta=25.5_R3=2.1_R4=1.9_A1=0_A2=-2_cx=1.6_cy=-1.0_cz=13.3.log
0.7,0.9,13.6,0,-2,7.4,5.8,25.5,2.1,1.9,-5.057507834164426,-1.3073932396946475,-0.6328049293952063,-0.0368398572318255,-1.371772000566125,-0.0242871469818055,-1.0047627369640395,-0.0589112663292326,-0.2646680301986635,-2.167614068137482,-0.3773845140822232,1,Done,tetracene_a=7.4_b=5.8_theta=25.5_R3=2.1_R4=1.9_A1=0_A2=-2_cx=0.7_cy=0.9_cz=13.6.log
1.6,-0.9,13.1,0,-2,7.4,5.8,25.5,2.1,1.9,-5.3180393184302375,-1.0985227711498735,-1.817995616584085,-0.1027610376477241,-0.3770054979249835,-0.052418420324102,-0.3048581632319838,-0.0838849092833697,-0.1544891970115713,-1.6974534557084553,-1.505431002995465,2,Done,tetracene_a=7.4_b=5.8_theta=25.5_R3=2.1_R4=1.9_A1=0_A2=-2_cx=1.6_cy=-0.9_cz=13.1.log
0.7,0.9,13.7,0,-2,7.4,5.8,25.5,2.1,1.9,-5.002783941454254,-1.2427145289257169,-0.7969816257245839,-0.034780369256623,-1.3062461513327437,-0.0224748981418088,-0.9485102302860468,-0.0556475867051631,-0.2487160985474474,-2.172812360804528,-0.349753993563354,1,Done,tetracene_a=7.4_b=5.8_theta=25.5_R3=2.1_R4=1.9_A1=0_A2=-2_cx=0.7_cy=0.9_cz=13.7.log
1.6,-0.9,13.2,0,-2,7.4,5.8,25.5,2.1,1.9,-5.4275172227062285,-1.3051078481366858,-1.7239544577896595,-0.09628262440674,-0.352576533681713,-0.0471234909491613,-0.2933333145920187,-0.079591485846322,-0.147760407126043,-1.8337938083568588,-1.4571823865990154,2,Done,tetracene_a=7.4_b=5.8_theta=25.5_R3=2.1_R4=1.9_A1=0_A2=-2_cx=1.6_cy=-0.9_cz=13.2.log
1.6,-0.9,13.3,0,-2,7.4,5.8,25.5,2.1,1.9,-5.390123274642974,-1.3935152218909934,-1.6152935713762415,-0.0902108376612886,-0.3295368765247985,-0.0424033607123419,-0.2821259859483689,-0.0755095333443023,-0.1412644237861968,-1.911317648773548,-1.385488741681911,2,Done,tetracene_a=7.4_b=5.8_theta=25.5_R3=2.1_R4=1.9_A1=0_A2=-2_cx=1.6_cy=-0.9_cz=13.3.log
0.7,1.0,13.5,0,-2,7.4,5.8,25.5,2.1,1.9,-4.945438940718304,-1.38453555398155,-0.4404480139492079,-0.0377133509609848,-1.3148405282991007,-0.025320028536953,-1.146586272167042,-0.0609199258615262,-0.2864363521221094,-2.0361720585497096,-0.3871887302375398,1,Done,tetracene_a=7.4_b=5.8_theta=25.5_R3=2.1_R4=1.9_A1=0_A2=-2_cx=0.7_cy=1.0_cz=13.5.log
1.6,-0.8,13.1,0,-2,7.4,5.8,25.5,2.1,1.9,-5.2026653292705305,-1.1237285927636549,-1.801824683789164,-0.0992783571127802,-0.4154568007215857,-0.0498180189169943,-0.3228375795297324,-0.082961842068471,-0.1583596785203553,-1.5647997240303084,-1.49007206823444,2,Done,tetracene_a=7.4_b=5.8_theta=25.5_R3=2.1_R4=1.9_A1=0_A2=-2_cx=1.6_cy=-0.8_cz=13.1.log
0.7,1.0,13.6,0,-2,7.4,5.8,25.5,2.1,1.9,-5.019404799269978,-1.3316816417500377,-0.6974698348203674,-0.0356350378133356,-1.2828676387434823,-0.0234600888798013,-1.084369910415262,-0.0575683949864469,-0.2691289989161305,-2.105655613238924,-0.3593097159173339,1,Done,tetracene_a=7.4_b=5.8_theta=25.5_R3=2.1_R4=1.9_A1=0_A2=-2_cx=0.7_cy=1.0_cz=13.6.log
1.6,-0.8,13.2,0,-2,7.4,5.8,25.5,2.1,1.9,-5.353088889387436,-1.317442184779793,-1.7238327210070563,-0.0931049137143418,-0.3886909891152754,-0.0448418646119535,-0.3105597191024571,-0.0787248946144245,-0.1514351058285683,-1.751038416987285,-1.4326542757917196,2,Done,tetracene_a=7.4_b=5.8_theta=25.5_R3=2.1_R4=1.9_A1=0_A2=-2_cx=1.6_cy=-0.8_cz=13.2.log
0.7,1.0,13.7,0,-2,7.4,5.8,25.5,2.1,1.9,-4.979049003857654,-1.2495656830724329,-0.8389959303895012,-0.0336671664845198,-1.2384938966715708,-0.0217407114105299,-1.0237637396203354,-0.0544063720735721,-0.2527798533556051,-2.135469240893144,-0.3332799737108871,1,Done,tetracene_a=7.4_b=5.8_theta=25.5_R3=2.1_R4=1.9_A1=0_A2=-2_cx=0.7_cy=1.0_cz=13.7.log
1.6,-0.8,13.3,0,-2,7.4,5.8,25.5,2.1,1.9,-5.350002167746425,-1.3996359546435997,-1.625081472448073,-0.0872991912765428,-0.3630057497648522,-0.040475649992004,-0.2986244788626209,-0.0746981628471985,-0.1447514968458563,-1.867237581347581,-1.3562536782119423,2,Done,tetracene_a=7.4_b=5.8_theta=25.5_R3=2.1_R4=1.9_A1=0_A2=-2_cx=1.6_cy=-0.8_cz=13.3.log
0.5,1.1,13.5,0,-2,7.4,5.8,25.5,2.1,1.9,-5.006338158447761,-1.3361168823903429,-0.2974723705556243,-0.034874495700933,-1.2278074013302105,-0.0267181209055706,-1.3035001676762477,-0.0614915874321013,-0.3221805766806938,-2.16928638209356,-0.3401348929619416,1,Done,tetracene_a=7.4_b=5.8_theta=25.5_R3=2.1_R4=1.9_A1=0_A2=-2_cx=0.5_cy=1.1_cz=13.5.log
0.5,1.1,13.6,0,-2,7.4,5.8,25.5,2.1,1.9,-5.048560168594122,-1.3018912320258096,-0.5991904736729339,-0.0329342349432408,-1.2244866184191778,-0.0248456309782341,-1.23283375648316,-0.0580308696371503,-0.3016697848215699,-2.163840850407724,-0.3169276904664002,2,Done,tetracene_a=7.4_b=5.8_theta=25.5_R3=2.1_R4=1.9_A1=0_A2=-2_cx=0.5_cy=1.1_cz=13.6.log
0.5,1.1,13.7,0,-2,7.4,5.8,25.5,2.1,1.9,-4.978652730933391,-1.2295863921754062,-0.7708169686375186,-0.0310956304892897,-1.2062235673656687,-0.0230886029312387,-1.1632679977919906,-0.054761542705819,-0.2824290731805376,-2.1342173583689146,-0.295205176982563,2,Done,tetracene_a=7.4_b=5.8_theta=25.5_R3=2.1_R4=1.9_A1=0_A2=-2_cx=0.5_cy=1.1_cz=13.7.log
0.6,1.1,13.5,0,-2,7.4,5.8,25.5,2.1,1.9,-4.951858367712703,-1.380880935699679,-0.412310465471819,-0.035678963526152,-1.1483784405281767,-0.0255685225129127,-1.2700927901314571,-0.0605020041111856,-0.3062537455116398,-2.094769569695927,-0.3538779894588515,2,Done,tetracene_a=7.4_b=5.8_theta=25.5_R3=2.1_R4=1.9_A1=0_A2=-2_cx=0.6_cy=1.1_cz=13.5.log
0.6,1.1,13.6,0,-2,7.4,5.8,25.5,2.1,1.9,-5.016218931297772,-1.325496903154999,-0.6781211914494634,-0.0337198774795979,-1.1539168439339846,-0.0237575286300852,-1.201662824722007,-0.0571360405301675,-0.287241447425913,-2.134310230030678,-0.3291936286259442,2,Done,tetracene_a=7.4_b=5.8_theta=25.5_R3=2.1_R4=1.9_A1=0_A2=-2_cx=0.6_cy=1.1_cz=13.6.log
0.6,1.1,13.7,0,-2,7.4,5.8,25.5,2.1,1.9,-4.967099958448671,-1.2409123202087358,-0.8245280595729128,-0.031856172834523,-1.141665338538587,-0.0220507013145834,-1.1345016844570637,-0.0539646049728617,-0.2693053291877731,-2.1399753902223893,-0.3060974956024438,2,Done,tetracene_a=7.4_b=5.8_theta=25.5_R3=2.1_R4=1.9_A1=0_A2=-2_cx=0.6_cy=1.1_cz=13.7.log
0.7,1.1,13.5,0,-2,7.4,5.8,25.5,2.1,1.9,-4.791444848815445,-1.4140812347177416,-0.5350890721892938,-0.0364520559087395,-1.0742155436892062,-0.0244302192004397,-1.233963274396956,-0.0594816728844307,-0.2910931038786657,-1.913745484838728,-0.3680088871624321,2,Done,tetracene_a=7.4_b=5.8_theta=25.5_R3=2.1_R4=1.9_A1=0_A2=-2_cx=0.7_cy=1.1_cz=13.5.log
0.7,1.1,13.6,0,-2,7.4,5.8,25.5,2.1,1.9,-4.896693964023143,-1.3413126651430505,-0.7624848911073059,-0.0344653592910617,-1.088436175370589,-0.0226694262819364,-1.1680596641963348,-0.0562267786008305,-0.2734286973718554,-2.016528485517483,-0.3417959118378348,2,Done,tetracene_a=7.4_b=5.8_theta=25.5_R3=2.1_R4=1.9_A1=0_A2=-2_cx=0.7_cy=1.1_cz=13.6.log
0.7,1.1,13.7,0,-2,7.4,5.8,25.5,2.1,1.9,-4.884808924747631,-1.2468937456142157,-0.8815850339597091,-0.03258408443070948,-1.0816214167280123,-0.021026605158112943,-1.1034888852154836,-0.05315511702792719,-0.2567250087740831,-2.0740397769841366,-0.31728913640836254,2,Done,tetracene_a=7.4_b=5.8_theta=25.5_R3=2.1_R4=1.9_A1=0_A2=-2_cx=0.7_cy=1.1_cz=13.7.log
